SNP,effect_allele.exposure,other_allele.exposure,effect_allele.outcome,other_allele.outcome,beta.exposure,beta.outcome,eaf.exposure,eaf.outcome,remove,palindromic,ambiguous,id.outcome,chr.outcome,pos.outcome,se.outcome,pval.outcome,outcome,mr_keep.outcome,pval_origin.outcome,chr.exposure,pos.exposure,se.exposure,pval.exposure,samplesize.exposure,exposure,mr_keep.exposure,pval_origin.exposure,id.exposure,action,SNP_index,mr_keep,samplesize.outcome
rs10088883,T,C,T,C,-0.3503,0.11774,0.0185,0.01716,FALSE,FALSE,FALSE,rNNtoy,8,117129049,0.19805,0.5522,outcome,TRUE,reported,8,118141288,0.034,6.851e-25,150729,exposure,TRUE,reported,leXqpC,2,1,TRUE,NA
rs10184004,T,C,T,C,-0.0725,0.039269,0.7214,0.7308,FALSE,FALSE,FALSE,rNNtoy,2,164651879,0.050525,0.437,outcome,TRUE,reported,2,165508389,0.0098,1.389e-13,154160,exposure,TRUE,reported,leXqpC,2,1,TRUE,NA
rs10256512,C,T,C,T,0.0793,0.039783,0.1402,0.1386,FALSE,FALSE,FALSE,rNNtoy,7,69714744,0.063196,0.529,outcome,TRUE,reported,7,69179730,0.0125,2.283e-10,152337,exposure,TRUE,reported,leXqpC,2,1,TRUE,NA
rs10772199,A,T,A,T,-0.0513,0.0039809,0.4608,0.4053,FALSE,TRUE,TRUE,rNNtoy,12,34543110,0.068161,0.9534,outcome,TRUE,reported,12,34696045,0.009,1.246e-08,150810,exposure,TRUE,reported,leXqpC,2,1,FALSE,NA
rs10830963,G,C,G,C,0.1319,-0.05789,0.0733,0.06626,FALSE,TRUE,FALSE,rNNtoy,11,92975544,0.090247,0.5212,outcome,TRUE,reported,11,92708710,0.0174,3.48e-14,146841,exposure,TRUE,reported,leXqpC,2,1,TRUE,NA
rs1109965,T,C,T,C,-0.0743,-0.069936,0.1333,0.09828,FALSE,FALSE,FALSE,rNNtoy,1,197913560,0.09259,0.4501,outcome,TRUE,reported,1,197882690,0.0135,3.307e-08,152271,exposure,TRUE,reported,leXqpC,2,1,TRUE,NA
rs111313757,A,G,A,G,-0.0844,-0.019195,0.0975,0.08848,FALSE,FALSE,FALSE,rNNtoy,11,114016390,0.086817,0.825,outcome,TRUE,reported,11,113887112,0.0153,3.22e-08,152271,exposure,TRUE,reported,leXqpC,2,1,TRUE,NA
rs11257655,T,C,T,C,0.0802,0.026976,0.2558,0.2519,FALSE,FALSE,FALSE,rNNtoy,10,12265895,0.048776,0.5802,outcome,TRUE,reported,10,12307894,0.0103,7.931e-15,149385,exposure,TRUE,reported,leXqpC,2,1,TRUE,NA
rs112845208,A,G,A,G,-0.1918,-0.086904,0.0199,0.01445,FALSE,FALSE,FALSE,rNNtoy,20,44370793,0.19575,0.6571,outcome,TRUE,reported,20,42999433,0.0322,2.67e-09,154160,exposure,TRUE,reported,leXqpC,2,1,TRUE,NA
rs11466334,A,G,A,G,0.1759,-0.064437,0.0749,0.06858,FALSE,FALSE,FALSE,rNNtoy,19,41341832,0.096115,0.5026,outcome,TRUE,reported,19,41847737,0.0178,4.319e-23,141016,exposure,TRUE,reported,leXqpC,2,1,TRUE,NA
rs11708067,G,A,G,A,-0.0975,-0.031398,0.1517,0.1499,FALSE,FALSE,FALSE,rNNtoy,3,123346931,0.061116,0.6074,outcome,TRUE,reported,3,123065778,0.0124,4.041e-15,146101,exposure,TRUE,reported,leXqpC,2,1,TRUE,NA
rs12528625,T,G,T,G,-0.101,0.003414,0.071,0.06537,FALSE,FALSE,FALSE,rNNtoy,6,49410955,0.091467,0.9702,outcome,TRUE,reported,6,49378668,0.0178,1.52e-08,152337,exposure,TRUE,reported,leXqpC,2,1,TRUE,NA
rs12549902,A,G,A,G,0.0625,-0.019151,0.7105,0.7139,FALSE,FALSE,FALSE,rNNtoy,8,41651740,0.062174,0.7581,outcome,TRUE,reported,8,41509259,0.0098,1.594e-10,148906,exposure,TRUE,reported,leXqpC,2,1,TRUE,NA
rs1558318,T,A,T,A,0.0877,0.03835,0.5975,0.6051,FALSE,TRUE,FALSE,rNNtoy,7,15025987,0.044558,0.3894,outcome,TRUE,reported,7,15065612,0.0089,8.379e-23,154160,exposure,TRUE,reported,leXqpC,2,1,TRUE,NA
rs1558902,A,T,A,T,0.1171,0.13638,0.1026,0.1033,FALSE,TRUE,FALSE,rNNtoy,16,53769662,0.070034,0.0515,outcome,TRUE,reported,16,53803574,0.0145,6.332e-16,152816,exposure,TRUE,reported,leXqpC,2,1,TRUE,NA
rs1929899,A,G,A,G,-0.1586,-0.25712,0.0303,0.02007,FALSE,FALSE,FALSE,rNNtoy,6,38925041,0.17791,0.1484,outcome,TRUE,reported,6,38892817,0.027,4.074e-09,154160,exposure,TRUE,reported,leXqpC,2,1,TRUE,NA
rs2237897,T,C,T,C,-0.1746,-0.079669,0.0879,0.0845,FALSE,FALSE,FALSE,rNNtoy,11,2837316,0.099306,0.4224,outcome,TRUE,reported,11,2858546,0.0159,5.129e-28,154160,exposure,TRUE,reported,leXqpC,2,1,TRUE,NA
rs2255041,C,A,C,A,0.0785,0.064416,0.8264,0.8244,FALSE,FALSE,FALSE,rNNtoy,12,120973282,0.063121,0.3075,outcome,TRUE,reported,12,121411085,0.0116,1.397e-11,154160,exposure,TRUE,reported,leXqpC,2,1,TRUE,NA
rs231361,A,G,A,G,0.0812,-0.0057619,0.3364,0.3374,FALSE,FALSE,FALSE,rNNtoy,11,2670270,0.046506,0.9014,outcome,TRUE,reported,11,2691500,0.0093,3.047e-18,150729,exposure,TRUE,reported,leXqpC,2,1,TRUE,NA
rs256904,T,A,T,A,0.0747,-0.031873,0.5798,0.5813,FALSE,TRUE,TRUE,rNNtoy,5,56514478,0.044014,0.469,outcome,TRUE,reported,5,55810305,0.0089,4.547e-17,150810,exposure,TRUE,reported,leXqpC,2,1,FALSE,NA
rs2943648,G,A,G,A,0.0591,-0.031211,0.6299,0.6354,FALSE,FALSE,FALSE,rNNtoy,2,226235774,0.045239,0.4902,outcome,TRUE,reported,2,227100490,0.009,5.791e-11,154160,exposure,TRUE,reported,leXqpC,2,1,TRUE,NA
rs3842727,T,G,T,G,-0.0888,0.032738,0.2632,0.2295,FALSE,FALSE,FALSE,rNNtoy,11,2163618,0.067379,0.6271,outcome,TRUE,reported,11,2184848,0.0105,2.172e-17,152699,exposure,TRUE,reported,leXqpC,2,1,TRUE,NA
rs4762125,A,G,A,G,0.0698,-0.023067,0.2116,0.2193,FALSE,FALSE,FALSE,rNNtoy,12,65920881,0.06873,0.7372,outcome,TRUE,reported,12,66314661,0.0109,1.497e-10,152271,exposure,TRUE,reported,leXqpC,2,1,TRUE,NA
rs57173030,G,A,G,A,-0.2915,0.23037,0.0122,0.01005,FALSE,FALSE,FALSE,rNNtoy,8,117144889,0.31498,0.4645,outcome,TRUE,reported,8,118157128,0.0422,4.705e-12,148119,exposure,TRUE,reported,leXqpC,2,1,TRUE,NA
rs5745920,C,T,C,T,0.052,-0.014069,0.4675,0.4509,FALSE,FALSE,FALSE,rNNtoy,15,75353009,0.057489,0.8067,outcome,TRUE,reported,15,75645350,0.0088,3.703e-09,154160,exposure,TRUE,reported,leXqpC,2,1,TRUE,NA
rs7121246,T,C,T,C,-0.0786,-0.12291,0.2427,0.2571,FALSE,FALSE,FALSE,rNNtoy,11,69659758,0.06675,0.06557,outcome,TRUE,reported,11,69474526,0.0103,3.116e-14,154160,exposure,TRUE,reported,leXqpC,2,1,TRUE,NA
rs7259,A,G,A,G,0.0538,-0.022024,0.6104,0.6451,FALSE,FALSE,FALSE,rNNtoy,9,128434425,0.058946,0.7087,outcome,TRUE,reported,9,131196704,0.0092,5.062e-09,152699,exposure,TRUE,reported,leXqpC,2,1,TRUE,NA
rs73382383,G,C,G,C,0.0781,-0.057747,0.1046,0.1037,FALSE,TRUE,FALSE,rNNtoy,9,4271770,0.076446,0.45,outcome,TRUE,reported,9,4271770,0.0142,3.608e-08,152699,exposure,TRUE,reported,leXqpC,2,1,TRUE,NA
rs74048316,C,G,C,G,0.2039,-0.053082,0.0224,0.0177,FALSE,TRUE,FALSE,rNNtoy,11,2214077,0.16779,0.7517,outcome,TRUE,reported,11,2235307,0.0296,5.36e-12,152816,exposure,TRUE,reported,leXqpC,2,1,TRUE,NA
rs7794035,T,C,T,C,-0.052,0.036382,0.6204,0.6259,FALSE,FALSE,FALSE,rNNtoy,7,157183527,0.045788,0.4269,outcome,TRUE,reported,7,156976221,0.0091,1.069e-08,154160,exposure,TRUE,reported,leXqpC,2,1,TRUE,NA
rs79190780,G,T,G,T,-0.1182,0.062919,0.0825,0.085,FALSE,FALSE,FALSE,rNNtoy,5,14826084,0.084499,0.4565,outcome,TRUE,reported,5,14826193,0.0162,2.918e-13,152816,exposure,TRUE,reported,leXqpC,2,1,TRUE,NA
rs860262,A,C,A,C,-0.0783,0.048258,0.2575,0.2536,FALSE,FALSE,FALSE,rNNtoy,7,28154778,0.050162,0.336,outcome,TRUE,reported,7,28194397,0.01,4.912e-15,154160,exposure,TRUE,reported,leXqpC,2,1,TRUE,NA
rs9348441,A,T,A,T,0.0702,0.063316,0.191,0.1909,FALSE,TRUE,FALSE,rNNtoy,6,20680447,0.054505,0.2454,outcome,TRUE,reported,6,20680678,0.011,1.538e-10,154160,exposure,TRUE,reported,leXqpC,2,1,TRUE,NA
rs952472,C,A,C,A,0.0546,0.10783,0.528,0.5179,FALSE,FALSE,FALSE,rNNtoy,15,77484220,0.043688,0.01358,outcome,TRUE,reported,15,77776562,0.0087,3.884e-10,154160,exposure,TRUE,reported,leXqpC,2,1,TRUE,NA
rs9808924,A,G,A,G,0.1149,0.045131,0.7574,0.7994,FALSE,FALSE,FALSE,rNNtoy,3,185796401,0.068817,0.5119,outcome,TRUE,reported,3,185514189,0.0105,7.663e-28,152699,exposure,TRUE,reported,leXqpC,2,1,TRUE,NA
rs9973620,A,T,A,T,0.0706,0.015142,0.2305,0.2312,FALSE,TRUE,FALSE,rNNtoy,2,16491393,0.052311,0.7722,outcome,TRUE,reported,2,16672661,0.0103,7.509e-12,154160,exposure,TRUE,reported,leXqpC,2,1,TRUE,NA
