SNP,effect_allele.exposure,other_allele.exposure,effect_allele.outcome,other_allele.outcome,beta.exposure,beta.outcome,eaf.exposure,eaf.outcome,remove,palindromic,ambiguous,id.outcome,chr.outcome,pos.outcome,se.outcome,pval.outcome,samplesize.outcome,outcome,mr_keep.outcome,pval_origin.outcome,chr.exposure,pos.exposure,se.exposure,pval.exposure,samplesize.exposure,exposure,mr_keep.exposure,pval_origin.exposure,id.exposure,action,SNP_index,mr_keep
rs112309751,G,A,G,A,0.7511,-0.0051,0.01639,0.0282,FALSE,FALSE,FALSE,A5SPK8,7,44746975,0.028,0.8561,149268,outcome,TRUE,reported,7,44707376,0.15979,2.595e-06,31282,exposure,TRUE,reported,oDYflA,2,1,TRUE
rs114085217,C,A,C,A,0.58301,0.0156,0.03077,0.032,FALSE,FALSE,FALSE,A5SPK8,9,21741770,0.025,0.5317,152699,outcome,TRUE,reported,9,21741771,0.12093,1.427e-06,31282,exposure,TRUE,reported,oDYflA,2,1,TRUE
rs114427845,T,C,T,C,0.65093,0.0373,0.02059,0.0239,FALSE,FALSE,FALSE,A5SPK8,10,96117398,0.0287,0.1945,154160,outcome,TRUE,reported,10,94357641,0.13764,2.253e-06,31282,exposure,TRUE,reported,oDYflA,2,1,TRUE
rs115118568,A,G,A,G,0.54752,-0.004,0.0299,0.0317,FALSE,FALSE,FALSE,A5SPK8,1,193412569,0.0252,0.8736,154160,outcome,TRUE,reported,1,193443439,0.117,2.876e-06,32508,exposure,TRUE,reported,oDYflA,2,1,TRUE
rs115133226,G,C,G,C,0.79647,-0.0318,0.01646,0.0138,FALSE,TRUE,FALSE,A5SPK8,3,6182483,0.0391,0.4157,150810,outcome,TRUE,reported,3,6140796,0.16848,2.275e-06,31282,exposure,TRUE,reported,oDYflA,2,1,TRUE
rs115690720,C,T,C,T,0.69502,0.0012,0.01827,0.0183,FALSE,FALSE,FALSE,A5SPK8,11,108374317,0.033,0.9714,152271,outcome,TRUE,reported,11,108503590,0.14901,3.097e-06,31282,exposure,TRUE,reported,oDYflA,2,1,TRUE
rs115742507,A,T,A,T,0.70097,0.0318,0.02413,0.0245,FALSE,TRUE,FALSE,A5SPK8,12,127981039,0.0287,0.2676,154160,outcome,TRUE,reported,12,127496494,0.12816,4.519e-08,32508,exposure,TRUE,reported,oDYflA,2,1,TRUE
rs115979843,A,G,A,G,0.70796,0.0364,0.02231,0.0239,FALSE,FALSE,FALSE,A5SPK8,8,60311016,0.0292,0.213,154160,outcome,TRUE,reported,8,59398457,0.1545,4.598e-06,31282,exposure,TRUE,reported,oDYflA,2,1,TRUE
rs116648015,G,A,G,A,0.59609,-0.0029,0.03682,0.0448,FALSE,FALSE,FALSE,A5SPK8,13,105973013,0.0224,0.8984,154160,outcome,TRUE,reported,13,105320662,0.11774,4.134e-07,24659,exposure,TRUE,reported,oDYflA,2,1,TRUE
rs141178339,A,C,A,C,0.82318,0.0038,0.0159,0.0182,FALSE,FALSE,FALSE,A5SPK8,9,90761798,0.0339,0.9102,151978,outcome,TRUE,reported,9,88146883,0.16426,5.401e-07,31282,exposure,TRUE,reported,oDYflA,2,1,TRUE
rs183955827,T,C,T,C,0.68534,-0.0359,0.01868,0.0196,FALSE,FALSE,FALSE,A5SPK8,5,156308331,0.0326,0.2703,152699,outcome,TRUE,reported,5,156881320,0.15,4.899e-06,31282,exposure,TRUE,reported,oDYflA,2,1,TRUE
rs190057508,A,T,A,T,0.80941,-0.0248,0.01644,0.0184,FALSE,TRUE,FALSE,A5SPK8,10,57027062,0.034,0.4661,149966,outcome,TRUE,reported,10,55267302,0.167,1.254e-06,31282,exposure,TRUE,reported,oDYflA,2,1,TRUE
rs1910833,A,G,A,G,0.38889,-0.0272,0.07431,0.077,FALSE,FALSE,FALSE,A5SPK8,14,86816061,0.0167,0.1034,154160,outcome,TRUE,reported,14,86349717,0.079865,1.12e-06,32508,exposure,TRUE,reported,oDYflA,2,1,TRUE
rs1952652,T,A,T,A,0.32268,0.0203,0.1202,0.1177,FALSE,TRUE,FALSE,A5SPK8,5,157811088,0.0136,0.1353,154160,outcome,TRUE,reported,5,158384080,0.065272,7.667e-07,32508,exposure,TRUE,reported,oDYflA,2,1,TRUE
rs2262682,T,C,T,C,0.25079,0.006,0.726,0.73,FALSE,FALSE,FALSE,A5SPK8,4,64091411,0.0099,0.5396,154160,outcome,TRUE,reported,4,63225693,0.054294,3.852e-06,31282,exposure,TRUE,reported,oDYflA,2,1,TRUE
rs4781087,G,C,G,C,-0.34101,-0.0032,0.7257,0.75,FALSE,TRUE,FALSE,A5SPK8,16,11500338,0.0105,0.761,152271,outcome,TRUE,reported,16,11406482,0.074119,4.208e-06,16553,exposure,TRUE,reported,oDYflA,2,1,TRUE
rs4814584,T,A,T,A,0.25573,0.0018,0.4538,0.4426,FALSE,TRUE,TRUE,A5SPK8,20,17042177,0.0089,0.8442,148987,outcome,TRUE,reported,20,17061532,0.055646,4.313e-06,17779,exposure,TRUE,reported,oDYflA,2,1,FALSE
rs4895304,G,A,G,A,0.50195,0.0088,0.03777,0.0395,FALSE,FALSE,FALSE,A5SPK8,5,120760466,0.023,0.701,154160,outcome,TRUE,reported,5,121424771,0.1092,4.293e-06,32508,exposure,TRUE,reported,oDYflA,2,1,TRUE
rs639083,G,C,G,C,0.35567,0.0175,0.0948,0.0954,FALSE,TRUE,FALSE,A5SPK8,11,68666232,0.0148,0.2372,154160,outcome,TRUE,reported,11,68898764,0.07665,3.48e-06,31282,exposure,TRUE,reported,oDYflA,2,1,TRUE
rs7251295,C,G,C,G,0.2179,-5e-04,0.587,0.5871,FALSE,TRUE,FALSE,A5SPK8,19,50096859,0.009,0.9591,150810,outcome,TRUE,reported,19,49593602,0.045455,1.638e-06,32508,exposure,TRUE,reported,oDYflA,2,1,TRUE
rs74927656,C,A,C,A,0.86585,0.0104,0.01395,0.0177000000000001,FALSE,FALSE,FALSE,A5SPK8,20,2245067,0.0352,0.7672,151550,outcome,TRUE,reported,20,2264421,0.18878,4.509e-06,24659,exposure,TRUE,reported,oDYflA,2,1,TRUE
rs77800298,T,C,T,C,0.58567,0.0169,0.02784,0.0286,FALSE,FALSE,FALSE,A5SPK8,7,50075471,0.0266,0.5254,154160,outcome,TRUE,reported,7,50035875,0.12222,1.652e-06,31282,exposure,TRUE,reported,oDYflA,2,1,TRUE
rs78198123,T,C,T,C,0.60269,0.0071,0.03083,0.0274,FALSE,FALSE,FALSE,A5SPK8,4,156079573,0.0269,0.7906,154160,outcome,TRUE,reported,4,155158421,0.12166,7.279e-07,31282,exposure,TRUE,reported,oDYflA,2,1,TRUE
rs78405832,T,G,T,G,0.74483,0.0029,0.01628,0.0183,FALSE,FALSE,FALSE,A5SPK8,7,119269050,0.0331,0.9301,154160,outcome,TRUE,reported,7,119628996,0.15896,2.792e-06,32508,exposure,TRUE,reported,oDYflA,2,1,TRUE
rs8176730,C,T,C,T,0.26176,0.0278,0.1636,0.165,FALSE,FALSE,FALSE,A5SPK8,9,136132525,0.0117,0.01745,152699,outcome,TRUE,reported,9,133257138,0.056528,3.645e-06,32508,exposure,TRUE,reported,oDYflA,2,1,TRUE
rs9821308,G,A,G,A,0.45352,0.004,0.05488,0.0581,FALSE,FALSE,FALSE,A5SPK8,3,66379033,0.0187,0.8301,152699,outcome,TRUE,reported,3,66328609,0.094786,1.713e-06,31282,exposure,TRUE,reported,oDYflA,2,1,TRUE
